sample_energy,sample_rmsd
864.385498046875,0.0
840.89794921875,0.62241656
864.385498046875,0.0
864.385498046875,0.09003038
855.3407592773438,0.26576284
850.5484008789062,0.3244963
853.052734375,0.41783366
847.5165405273438,0.4569077
844.0877075195312,0.47199398
850.2872924804688,0.51897585
846.3602905273438,0.56978786
845.424072265625,0.60712725
844.5266723632812,0.6169798
